source_id,title,canonical_url,content_selector,topic_tags,priority,language,publisher,selection_status,snapshot_status,fetched_at,sha256,notes
GSM-HELP-TRIP-002,Trung tâm giải đáp — Trong chuyến và sau chuyến,https://www.greensm.com/vn-vi/helps,section:2,"trip,support,post_trip",high,vi,Green SM,selected,snapshotted,2026-08-10T07:00:31+07:00,45f14b362c4e5d33ea8abfbfa4fa2b9cb4f05f2aa5fca111d428a14a637ced3e,Public official source; snapshot and checksum required before indexing.
GSM-HELP-LOST-ITEM-213,FAQ 2.13 — Bỏ quên đồ trên chuyến xe,https://www.greensm.com/vn-vi/helps,faq:2.13,"lost_item,post_trip",high,vi,Green SM,selected,snapshotted,2026-08-10T07:00:31+07:00,ea276d50f2868a79c5b0c67436cdeb7870a242f2113d379b474998797774205c,Public official source; snapshot and checksum required before indexing.
GSM-HELP-GHOST-TRIP-217,FAQ 2.17 — Hoàn thành chuyến nhưng xe không xuất hiện,https://www.greensm.com/vn-vi/helps,faq:2.17,"trip_no_show,complaint",high,vi,Green SM,selected,snapshotted,2026-08-10T07:00:31+07:00,51df9f931add95a72163b38b467ff40bd4dc5e136d5e1dc0202bbdf9a0e0184e,Public official source; snapshot and checksum required before indexing.
GSM-HELP-PAYMENT-301,FAQ 3.1 — Phương thức thanh toán,https://www.greensm.com/vn-vi/helps,faq:3.1,payment,medium,vi,Green SM,selected,snapshotted,2026-08-10T07:00:31+07:00,2982a25e66f06f26f792c01ce1ef88bc4368e7db06cde1d87d0680d0418761e0,Public official source; snapshot and checksum required before indexing.
GSM-HELP-FARE-302,FAQ 3.2 — Cước khi thay đổi điểm đón/đến,https://www.greensm.com/vn-vi/helps,faq:3.2,fare,medium,vi,Green SM,selected,snapshotted,2026-08-10T07:00:31+07:00,e33c84e0ac023b48265fe0ad819fecd1e7fa2d1908f2f7d64ae8b091f211628f,Public official source; snapshot and checksum required before indexing.
GSM-HELP-INVOICE-304,FAQ 3.4 — Xuất và kiểm tra hóa đơn VAT,https://www.greensm.com/vn-vi/helps,faq:3.4,"invoice,vat",critical,vi,Green SM,selected,snapshotted,2026-08-10T07:00:31+07:00,775aa3ed0e218fdb8ee07040e4dbd1405ab14c43f998d5e5d1ad046a87f32a04,Public official source; snapshot and checksum required before indexing.
GSM-HELP-INVOICE-DIFF-305,FAQ 3.5 — Chênh lệch ứng dụng và hóa đơn,https://www.greensm.com/vn-vi/helps,faq:3.5,"invoice,fare",critical,vi,Green SM,selected,snapshotted,2026-08-10T07:00:31+07:00,618ea91f5562376f283ce40a01897859044d4c95a809058a91b6ed15228e2634,Public official source; snapshot and checksum required before indexing.
GSM-HELP-CANCELLED-CHARGE-306,FAQ 3.6 — Hủy chuyến nhưng vẫn bị trừ tiền,https://www.greensm.com/vn-vi/helps,faq:3.6,"cancelled_trip,charge",critical,vi,Green SM,selected,snapshotted,2026-08-10T07:00:31+07:00,7223a5817f2ee6786f5d7ff51653b5db3dbb928335a37f4aaa42b4f40284f415,Public official source; snapshot and checksum required before indexing.
GSM-HELP-DUPLICATE-CHARGE-307,FAQ 3.7 — Tính cước hai lần,https://www.greensm.com/vn-vi/helps,faq:3.7,duplicate_charge,critical,vi,Green SM,selected,snapshotted,2026-08-10T07:00:31+07:00,b4cd3528733526fadf5ccad05913d414e2c8dbce32d32ae6e0487c2e841a67dd,Public official source; snapshot and checksum required before indexing.
GSM-HELP-PAYMENT-MISMATCH-308,FAQ 3.8 — Trả tiền mặt cho chuyến không tiền mặt,https://www.greensm.com/vn-vi/helps,faq:3.8,payment_mismatch,critical,vi,Green SM,selected,snapshotted,2026-08-10T07:00:31+07:00,f5206e29d67d7223908b81280df9a57235654d3fd3ecaa9f1e5392b0d720d560,Public official source; snapshot and checksum required before indexing.
GSM-HELP-FARE-HIGHER-309,FAQ 3.9 — Thanh toán cao hơn số tiền báo ban đầu,https://www.greensm.com/vn-vi/helps,faq:3.9,fare_difference,critical,vi,Green SM,selected,snapshotted,2026-08-10T07:00:31+07:00,491927c632382daf4c6e336053d168c951c0525c5eed495e9c393e7b9cbb651c,Public official source; snapshot and checksum required before indexing.
GSM-HELP-PROMO-401,FAQ 4.1–4.4 — Mã khuyến mại,https://www.greensm.com/vn-vi/helps,faq:4.1-4.4,promotion,high,vi,Green SM,selected,snapshotted,2026-08-10T07:00:31+07:00,eea00ef2382a561b2b37cfc4512824093dedfc7758fd5deb42cb0346439d278d,Public official source; snapshot and checksum required before indexing.
GSM-HELP-LOYALTY-405,FAQ 4.5 — Không nhận được điểm Xanh,https://www.greensm.com/vn-vi/helps,faq:4.5,loyalty,high,vi,Green SM,selected,snapshotted,2026-08-10T07:00:31+07:00,1076a8f485ed0c93e1df4289d79e2e312a19926e166bd27236e43c1fd885fe40,Public official source; snapshot and checksum required before indexing.
GSM-HELP-SUPPORT-604,FAQ 6.4 — Gửi yêu cầu hỗ trợ trên ứng dụng,https://www.greensm.com/vn-vi/helps,faq:6.4,"support,ticket",critical,vi,Green SM,selected,snapshotted,2026-08-10T07:00:31+07:00,7808162b7e8529b58cdcb1309761fd67f7a84516683937f671da52482b002e56,Public official source; snapshot and checksum required before indexing.
GSM-TERMS-GENERAL,Quy định chung,https://www.greensm.com/vn-vi/terms-policies/general,page,"terms,complaint",medium,vi,Green SM,selected,snapshotted,2026-08-10T07:00:31+07:00,7bbdf9345787a0c3b9529a801a4d94eb2f000429a71722c840419726159c0e07,Public official source; snapshot and checksum required before indexing.
GSM-TERMS-OPERATING,Quy chế hoạt động,https://www.greensm.com/vn-vi/terms-policies/regulations,page,regulation,medium,vi,Green SM,selected,snapshotted,2026-08-10T07:00:32+07:00,4cf45cc1418d52d37759b68a8b7b267e3a5dc789c849331b6951aeb7bcafd85a,Public official source; snapshot and checksum required before indexing.
GSM-TERMS-PRIVACY,Chính sách bảo vệ dữ liệu cá nhân,https://www.greensm.com/vn-vi/terms-policies/privacy-notice,page,"privacy,data_lifecycle",high,vi,Green SM,selected,snapshotted,2026-08-10T07:00:32+07:00,affd22ab0b02bfa46a0ba466fc2a8174121c683136b7db16b4ede4008c9fecff,Public official source; snapshot and checksum required before indexing.
GSM-TERMS-SERVICE,Điều khoản chung Hợp đồng Dịch vụ,https://www.greensm.com/vn-vi/terms-policies/service-agreement,page,service_agreement,medium,vi,Green SM,selected,snapshotted,2026-08-10T07:00:32+07:00,abbc9cb9db11e93fdfd9d061fd714316ea8d9681062b2da2dffea1abdbda4514,Public official source; snapshot and checksum required before indexing.
